TRUNCATE task cascade;
alter table task_task_comments DROP CONSTRAINT fkrt426eimnhew5wx44crgf8yub;
alter table retail_operation_with_points_files DROP CONSTRAINT fkkdergregreg43ggtehethfdh5;

INSERT INTO task(id, completed, creation_date_time, deadline_date_time,description, task_author_id, task_employee_id, task_contractor_id)
VALUES (1, false, '2021-07-01 12:01:00', '2021-09-01 12:01:00', 'Описание задачи 1', 2, 1, 3),
       (2, false, '2021-07-02 12:02:00', '2021-09-02 12:02:00', 'Описание задачи 2', 3, 1, 2),
       (3, false, '2021-07-03 12:03:00', '2021-09-03 12:03:00', 'Описание задачи 3', 1, 2, 1),
       (4, false, '2021-07-04 12:04:00', '2021-09-04 12:04:00', 'Описание задачи 4', 2, 2, 2),
       (5, false, '2021-07-05 12:05:00', '2021-09-05 12:05:00', 'Описание задачи 5', 4, 3, 1),
       (6, false, '2021-07-06 12:06:00', '2021-09-06 12:06:00', 'Описание задачи 6', 1, 3, 3);


INSERT INTO task_task_comments(task_id, task_comments_id)
VALUES (1, 1),
       (1, 2),
       (2, 3),
       (2, 4),
       (3, 5),
       (3, 6),
       (4, 7),
       (4, 8),
       (5, 9),
       (5, 10),
       (6, 11),
       (6, 12);

INSERT INTO task_comment(id, comment, published_date_time, publisher_id, task_id)
VALUES (1,  'Коммент №1 в задаче №1', '2021-08-01 12:01:00', 2, 1),
       (2,  'Коммент №2 в задаче №1', '2021-08-02 12:02:00', 3, 1),
       (3,  'Коммент №1 в задаче №2', '2021-08-03 12:03:00', 1, 2),
       (4,  'Коммент №2 в задаче №2', '2021-08-04 12:04:00', 2, 2),
       (5,  'Коммент №1 в задаче №3', '2021-08-05 12:05:00', 4, 3),
       (6,  'Коммент №2 в задаче №3', '2021-08-06 12:06:00', 1, 3),
       (7,  'Коммент №1 в задаче №4', '2021-08-07 12:07:00', 3, 4),
       (8,  'Коммент №2 в задаче №4', '2021-08-08 12:08:00', 3, 4),
       (9,  'Коммент №1 в задаче №5', '2021-08-09 12:09:00', 2, 5),
       (10, 'Коммент №2 в задаче №5', '2021-08-10 12:10:00', 1, 5),
       (11, 'Коммент №1 в задаче №6', '2021-08-11 12:11:00', 2, 6),
       (12, 'Коммент №2 в задаче №6', '2021-08-12 12:12:00', 3, 6);

INSERT INTO retail_operation_with_points (number, type_operation, number_of_points, accrual_date,
                                          bonus_program_id, contractor_id, task_id)
VALUES (1, 'начисление', 1000, '2021-08-10 12:15:00.000000', 1, 1, 1),
       (1, 'начисление', 2000, '2021-08-10 12:15:00.000000', 2, 1, 2),
       (1, 'начисление', 3000, '2021-08-10 12:15:00.000000', 3, 2, 3),
       (1, 'начисление', 4000, '2021-08-10 12:15:00.000000', 5, 5, 5),
       (1, 'списание', 5000, '2021-08-10 12:15:00.000000' , 4, 4, 2);

INSERT INTO retail_operation_with_points_files (retail_operation_with_points_id, files_id)
VALUES (1, 1),
       (1, 2),
       (2, 1),
       (3, 2),
       (5, 2),
       (5, 1);